respondent_id,name,email_address,role,zip_code
1,Fredrika Stoacley,fstoacley0@alexa.com,Volunteer,46247
2,Richart Murname,rmurname1@mapy.cz,Parent,94105
3,Angel Spurgin,aspurgin2@storify.com,Parent,23260
4,Enoch Juden,ejuden3@altervista.org,Volunteer,23293
5,Mandy Gimbrett,mgimbrett4@google.cn,Parent,54305
6,Wallis Scherme,wscherme5@uol.com.br,Student,30911
7,Blondy Longstreeth,blongstreeth6@foxnews.com,Student,77260
8,Kellen Omrod,komrod7@xing.com,Teacher,33310
9,Noe Blakiston,nblakiston8@cpanel.net,Student,79769
10,Lorianne Clowes,lclowes9@surveymonkey.com,School,80126
11,Lianna Bargh,lbargha@typepad.com,Teacher,22047
12,Patty Gierek,pgierekb@theatlantic.com,Volunteer,87190
13,Betta Aloshkin,baloshkinc@state.tx.us,School,8104
14,Janice Danihelka,jdanihelkad@hibu.com,Teacher,55551
15,Carlos Fateley,cfateleye@guardian.co.uk,Parent,98140
16,Shelia Courtese,scourtesef@biblegateway.com,Parent,30195
17,Sophey Edmand,sedmandg@apache.org,School,92196
18,Margi Peoples,mpeoplesh@linkedin.com,School,84115
19,Sherman Pawfoot,spawfooti@economist.com,School,92662
20,Gwenora Ahmad,gahmadj@tinypic.com,School,55480
21,Shell Spira,sspirak@eepurl.com,School,80262
22,Candi Cassy,ccassyl@bigcartel.com,Parent,19058
23,Amye Belin,abelinm@hostgator.com,School,46825
24,Kaitlynn Losebie,klosebien@blog.com,Parent,35244
25,Francine Tankus,ftankuso@usda.gov,Volunteer,88584
26,Ulrich Krolak,ukrolakp@tripod.com,School,92145
27,Naomi Macveigh,nmacveighq@mozilla.com,Parent,24040
28,Randy Dregan,rdreganr@adobe.com,Teacher,75605
29,Sheeree Martinson,smartinsons@ibm.com,Parent,68517
30,Nicky Veall,nveallt@trellian.com,Teacher,60657
31,Shelia Klasing,sklasingu@sun.com,Student,24503
32,Lilith Stratz,lstratzv@biglobe.ne.jp,Volunteer,20575
33,Brose Oxbe,boxbew@seattletimes.com,Teacher,80255
34,Codie Goadbie,cgoadbiex@multiply.com,School,94544
35,Devin Cavolini,dcavoliniy@qq.com,Teacher,18768
36,Vittoria Konig,vkonigz@tinypic.com,Volunteer,19136
37,Jermain Smidmoor,jsmidmoor10@instagram.com,Volunteer,85062
38,Crawford Ciccotto,cciccotto11@china.com.cn,School,20709
39,Felice Zanioletti,fzanioletti12@google.nl,Student,85720
40,Shawna Mattingson,smattingson13@washington.edu,Parent,20784
41,Lorry Featenby,lfeatenby14@mozilla.org,Student,60697
42,Claybourne Hambridge,chambridge15@photobucket.com,Parent,78749
43,Fayth Rochford,frochford16@sun.com,Parent,85271
44,Maitilde Huckin,mhuckin17@accuweather.com,Parent,20260
45,Cheri Pavel,cpavel18@mysql.com,School,23668
46,Dorey Heinel,dheinel19@sogou.com,Parent,37939
47,Broddy Dingivan,bdingivan1a@chron.com,Volunteer,72209
48,Donia Douche,ddouche1b@newsvine.com,Volunteer,22313
49,Ophelie Illston,oillston1c@tuttocitta.it,Parent,39404
50,Marvin Renwick,mrenwick1d@disqus.com,Student,20392
51,Curry Keson,ckeson1e@scribd.com,Student,92822
52,Deanna Baughn,dbaughn1f@desdev.cn,School,76305
53,Maryjane Mapson,mmapson1g@psu.edu,Volunteer,45403
54,Frasier Lyston,flyston1h@guardian.co.uk,Student,94627
55,Mechelle Charpin,mcharpin1i@washingtonpost.com,Volunteer,48224
56,Agnes Cluse,acluse1j@usgs.gov,Parent,13251
57,Zebulen Adamou,zadamou1k@walmart.com,School,46247
58,Katusha Auten,kauten1l@tripadvisor.com,Parent,94105
59,Hugo Cardiff,hcardiff1m@bloglovin.com,Teacher,23260
60,Yolanda Beardwood,ybeardwood1n@printfriendly.com,Student,23293
61,Sib Askey,saskey1o@rambler.ru,Teacher,54305
62,Fred Killner,fkillner1p@yale.edu,Volunteer,30911
63,Katine Campanelle,kcampanelle1q@goo.ne.jp,Teacher,77260
64,Friedrich Dever,fdever1r@yellowpages.com,Teacher,33310
65,Fee Fritche,ffritche1s@wordpress.com,Parent,58207
66,Yolane Wickens,ywickens1t@sbwire.com,School,10705
67,Berti Seakin,bseakin1u@typepad.com,Student,60652
68,Adriana Peacey,apeacey1v@ed.gov,Parent,2162
69,Chester Shobbrook,cshobbrook1w@360.cn,Volunteer,7505
70,Sheilakathryn MacGuffog,smacguffog1x@opera.com,Volunteer,40596
71,Terrel Ashman,tashman1y@globo.com,Parent,12227
72,Leon Hrycek,lhrycek1z@fema.gov,School,50393
73,Karlotta Hains,khains20@mac.com,Parent,33141
74,Arie Dovidaitis,adovidaitis21@home.pl,Parent,91505
75,Christel Start,cstart22@seattletimes.com,Parent,54915
76,Zsazsa Dinneges,zdinneges23@1und1.de,Teacher,33777
77,Ronald Hengoed,rhengoed24@webs.com,Student,79405
78,Darlene Sanper,dsanper25@wufoo.com,Parent,77085
79,Britni Loukes,bloukes26@is.gd,Student,90020
80,Orbadiah Pirazzi,opirazzi27@networksolutions.com,Parent,85099
81,Mord Keijser,mkeijser28@upenn.edu,Teacher,44125
82,Angelique Craze,acraze29@google.ca,School,90398
83,Edi Castagnasso,ecastagnasso2a@newyorker.com,Volunteer,97312
84,Pall Nutten,pnutten2b@ihg.com,Parent,95123
85,Jayne Rowsell,jrowsell2c@google.de,School,21684
86,Tressa Kilborn,tkilborn2d@whitehouse.gov,School,22309
87,Jo Sambells,jsambells2e@gmpg.org,School,40546
88,Maurene Fairbridge,mfairbridge2f@dmoz.org,Volunteer,85083
89,Sheridan Gronou,sgronou2g@hostgator.com,Teacher,51110
90,Dona Toon,dtoon2h@sun.com,Parent,29579
91,Ileana Piggens,ipiggens2i@51.la,Volunteer,11024
92,Alleen Hayley,ahayley2j@imageshack.us,Parent,43204
93,Josepha Simonitto,jsimonitto2k@flickr.com,Teacher,85710
94,Roxana Clemson,rclemson2l@sohu.com,School,99512
95,Mel Antcliffe,mantcliffe2m@quantcast.com,Volunteer,6510
96,Sibeal Firminger,sfirminger2n@unc.edu,Student,12242
97,Corabelle Belasco,cbelasco2o@weebly.com,Student,70805
98,Nolan See,nsee2p@rambler.ru,Parent,19125
99,Torie Nutman,tnutman2q@mediafire.com,School,48098
100,Sigfried Pietrusiak,spietrusiak2r@state.gov,Teacher,73179
101,Roi Pickering,rpickering2s@nationalgeographic.com,Parent,76544
102,Olivie Oake,ooake2t@narod.ru,School,89436
103,Verile Westney,vwestney2u@quantcast.com,Volunteer,33034
104,Beryle Grimoldby,bgrimoldby2v@wsj.com,Parent,35810
105,Anestassia Gilluley,agilluley2w@taobao.com,Student,23208
106,David Gooderridge,dgooderridge2x@howstuffworks.com,Student,49518
107,Kikelia Gatheridge,kgatheridge2y@t.co,Student,6912
108,Beale Cassels,bcassels2z@adobe.com,School,93778
109,Nolan Asty,nasty30@independent.co.uk,Volunteer,80249
110,Kinnie Winfield,kwinfield31@sourceforge.net,School,75367
111,Cathi Croyser,ccroyser32@wikispaces.com,Teacher,77346
112,Gregoor Bampkin,gbampkin33@vistaprint.com,Volunteer,91406
113,Laryssa Dowdell,ldowdell34@vimeo.com,Parent,91797
114,Pattin Toyer,ptoyer35@phoca.cz,School,96840
115,Nikola Bousquet,nbousquet36@narod.ru,School,48275
116,Laetitia Dryden,ldryden37@ask.com,Volunteer,66642
117,Vernen Braley,vbraley38@irs.gov,Parent,85005
118,Chrissy Strettle,cstrettle39@geocities.jp,School,15274
119,Toby Ilyenko,tilyenko3a@1und1.de,Volunteer,85743
120,Eleni De Mitri,ede3b@homestead.com,Teacher,33610
121,Robenia Whiteway,rwhiteway3c@cnet.com,Parent,32399
122,Monro Quainton,mquainton3d@zimbio.com,Teacher,66642
123,Almire Pellatt,apellatt3e@weebly.com,Student,32225
124,Elle Snooks,esnooks3f@discovery.com,School,81505
125,Allistir Spedroni,aspedroni3g@huffingtonpost.com,Teacher,57198
126,Reg Buck,rbuck3h@loc.gov,Student,90189
127,Stevena Mixture,smixture3i@addthis.com,School,28278
128,Brana Feek,bfeek3j@blog.com,School,85732
129,Otto Pol,opol3k@blogtalkradio.com,Student,17622
130,Sheryl Croasdale,scroasdale3l@house.gov,Volunteer,40745
131,Livy Bow,lbow3m@t.co,Teacher,20557
132,Mindy Tetla,mtetla3n@dion.ne.jp,School,61825
133,Myron Elnough,melnough3o@taobao.com,Teacher,83716
134,Aeriell Duffyn,aduffyn3p@dion.ne.jp,Teacher,93407
135,Weider Tuckett,wtuckett3q@godaddy.com,Teacher,20784
136,Alfy Tradewell,atradewell3r@yolasite.com,Student,89087
137,Josh Golly,jgolly3s@slate.com,Parent,8638
138,Jessee Sporner,jsporner3t@google.pl,Parent,61110
139,Laney Vampouille,lvampouille3u@technorati.com,Student,93704
140,Remy Karpfen,rkarpfen3v@gmpg.org,Teacher,30343
141,Cordula Sreenan,csreenan3w@java.com,School,47712
142,Cletis Methven,cmethven3x@pinterest.com,Teacher,28220
143,Cleavland Slite,cslite3y@indiegogo.com,Parent,31405
144,Clarice Murgatroyd,cmurgatroyd3z@about.com,Student,83405
145,Dollie Shivell,dshivell40@mlb.com,Teacher,94616
146,Gloria Oscroft,goscroft41@yahoo.com,Teacher,84170
147,Seana McGilmartin,smcgilmartin42@themeforest.net,Parent,62776
148,Caressa Bramhall,cbramhall43@istockphoto.com,Student,80910
149,Cecil Pascho,cpascho44@weebly.com,Teacher,28278
150,Lura Buckenhill,lbuckenhill45@dion.ne.jp,Teacher,10110
151,Corene Augie,caugie46@sakura.ne.jp,Parent,77255
152,Katharyn Willmetts,kwillmetts47@biblegateway.com,Parent,74103
153,Penny Youde,pyoude48@un.org,Parent,33345
154,Haskell Sillitoe,hsillitoe49@umn.edu,Volunteer,34981
155,Alexis Tregaskis,atregaskis4a@edublogs.org,School,36610
156,Fabien Moiser,fmoiser4b@cbc.ca,Volunteer,15274
157,Candide Cardus,ccardus4c@weebly.com,School,40586
158,Bride Youens,byouens4d@slideshare.net,Teacher,33064
159,Madlin Marchenko,mmarchenko4e@ca.gov,Parent,36195
160,Sallie Cauderlie,scauderlie4f@angelfire.com,Teacher,74141
161,Isa Paschke,ipaschke4g@deviantart.com,Student,34745
162,Gisela Starte,gstarte4h@huffingtonpost.com,Parent,70154
163,Nicoline Bugdall,nbugdall4i@msn.com,Student,33336
164,Delilah Marflitt,dmarflitt4j@canalblog.com,Student,70005
165,Karel MacAvaddy,kmacavaddy4k@netscape.com,Volunteer,46857
166,Phillipp MacAlpin,pmacalpin4l@samsung.com,Volunteer,66215
167,Dana Pigeram,dpigeram4m@macromedia.com,School,38131
168,Glen Payne,gpayne4n@economist.com,Teacher,85720
169,Alexa Scoullar,ascoullar4o@oaic.gov.au,Parent,33134
170,Shaw Casemore,scasemore4p@ucoz.ru,School,95813
171,Winifield Melwall,wmelwall4q@house.gov,Volunteer,46634
172,Camala Kempe,ckempe4r@bravesites.com,Student,78240
173,Robinia Couronne,rcouronne4s@uiuc.edu,Parent,33310
174,Flossi Kernell,fkernell4t@google.es,Student,48670
175,Toiboid Filinkov,tfilinkov4u@ed.gov,Parent,77713
176,Lynna Troy,ltroy4v@loc.gov,Volunteer,21229
177,Arnie Christoffe,achristoffe4w@usa.gov,Parent,84199
178,Leesa Gathercole,lgathercole4x@rediff.com,Parent,35279
179,Blythe Cutridge,bcutridge4y@ucoz.ru,Parent,54313
180,Colene Cheng,ccheng4z@dyndns.org,Student,2119
181,Carie Rawe,crawe50@forbes.com,School,34981
182,Margette Gerge,mgerge51@nytimes.com,Student,43231
183,Sarge Szubert,sszubert52@reuters.com,Student,23514
184,Dav Koppelmann,dkoppelmann53@ebay.co.uk,Volunteer,62525
185,Berna Frohock,bfrohock54@cpanel.net,Teacher,37205
186,Gerianne Bilovsky,gbilovsky55@weibo.com,Volunteer,27425
187,Anett Helis,ahelis56@sitemeter.com,Volunteer,92612
188,Jorie Nettles,jnettles57@ustream.tv,Parent,16510
189,Kris Bartolomivis,kbartolomivis58@ucla.edu,Parent,98464
190,Tiena Pill,tpill59@themeforest.net,Student,82007
191,Astrid Ahrend,aahrend5a@washingtonpost.com,Volunteer,17140
192,Dido Rouby,drouby5b@example.com,Student,67210
193,Sonnie Eeles,seeles5c@ask.com,School,50315
194,Silvano Randerson,sranderson5d@vk.com,Parent,10633
195,Lamar Gabbott,lgabbott5e@wunderground.com,Volunteer,10150
196,Kendricks Duddle,kduddle5f@stumbleupon.com,Volunteer,66220
197,Madelin Giovannetti,mgiovannetti5g@eepurl.com,School,32123
198,Miguela Brasener,mbrasener5h@dion.ne.jp,Teacher,53263
199,Donnie Lowthian,dlowthian5i@google.com.hk,Parent,28247
200,Eden Leach,eleach5j@unblog.fr,Parent,7505
201,Vidovic Cacacie,vcacacie5k@noaa.gov,Teacher,40596
202,Randene Shambrook,rshambrook5l@telegraph.co.uk,School,12227
203,Connie Stonard,cstonard5m@reference.com,Student,50393
204,Selena Minigo,sminigo5n@angelfire.com,Parent,33141
205,Marthe Kedward,mkedward5o@bloomberg.com,Teacher,91505
206,Isak Yapp,iyapp5p@edublogs.org,Parent,54915
207,Clo Judkins,cjudkins5q@wunderground.com,Parent,33777
208,Jarid Chesshyre,jchesshyre5r@latimes.com,Teacher,79405
209,Gaile Smither,gsmither5s@hugedomains.com,Volunteer,77085
210,Desiree Gorick,dgorick5t@spiegel.de,Volunteer,90020
211,Reine McKeown,rmckeown5u@t-online.de,Volunteer,85099
212,Euell Olivas,eolivas5v@yahoo.co.jp,School,44125
213,Ainsley Noorwood,anoorwood5w@nba.com,Volunteer,90398
214,Samuel Lathan,slathan5x@twitpic.com,Teacher,97312
215,Emilee Beckett,ebeckett5y@un.org,Student,95123
216,Benny Iggo,biggo5z@so-net.ne.jp,Parent,21684
217,Nicholas Dowsett,ndowsett60@mac.com,Teacher,22309
218,Nestor Scarratt,nscarratt61@mozilla.org,Parent,40546
219,Vivien Tomkys,vtomkys62@photobucket.com,Parent,85083
220,Patrica Tonkin,ptonkin63@cnn.com,School,51110
221,Brittany Tomas,btomas64@ning.com,Student,29579
222,Ellery Holwell,eholwell65@jalbum.net,Teacher,11024
223,Elana Areles,eareles66@ameblo.jp,Volunteer,43204
224,Agustin Clymo,aclymo67@rambler.ru,Parent,85710
225,Elfrida Leacock,eleacock68@goo.ne.jp,Parent,99512
226,Inness Kuschel,ikuschel69@pen.io,Student,6510
227,Papagena Woodward,pwoodward6a@oakley.com,School,12242
228,Averil Hannen,ahannen6b@edublogs.org,Volunteer,70805
229,Connie Keefe,ckeefe6c@storify.com,Teacher,19125
230,Vilhelmina Krysztofowicz,vkrysztofowicz6d@pbs.org,Parent,48098
231,Any Cupper,acupper6e@timesonline.co.uk,Student,73179
232,Dorisa Matthius,dmatthius6f@prlog.org,Teacher,76544
233,Abigale Lere,alere6g@dagondesign.com,Parent,89436
234,Joeann Bambery,jbambery6h@google.de,Volunteer,33034
235,Henryetta Cleghorn,hcleghorn6i@w3.org,Volunteer,35810
236,Charity Disbrey,cdisbrey6j@cam.ac.uk,Teacher,23208
237,Mickie Dunguy,mdunguy6k@google.co.jp,Volunteer,49518
238,Kory MacColl,kmaccoll6l@mac.com,Student,6912
239,Aleta Schumacher,aschumacher6m@nature.com,School,93778
240,Lew Granleese,lgranleese6n@gizmodo.com,Volunteer,80249
241,Zena Bemand,zbemand6o@blogs.com,Teacher,75367
242,Bernie Flemyng,bflemyng6p@free.fr,Teacher,77346
243,Phedra Linkin,plinkin6q@biblegateway.com,School,91406
244,Corri Sinson,csinson6r@google.cn,Teacher,91797
245,Chryste Vereker,cvereker6s@yellowpages.com,Student,96840
246,Cornie Cornilleau,ccornilleau6t@narod.ru,Student,48275
247,Adolphe Becks,abecks6u@yandex.ru,Volunteer,66642
248,Tova Tourot,ttourot6v@indiatimes.com,Volunteer,85005
249,Cly Beever,cbeever6w@irs.gov,Parent,15274
250,Tammara Watkiss,twatkiss6x@webeden.co.uk,School,85743
251,Ramsay Vinecombe,rvinecombe6y@photobucket.com,School,33610
252,Natale Clever,nclever6z@bluehost.com,Student,32399
253,Griffie Di Pietro,gdi70@creativecommons.org,School,66642
254,Lucita Denziloe,ldenziloe71@ebay.co.uk,Teacher,32225
255,Byrom Sparks,bsparks72@e-recht24.de,Parent,81505
256,Vincent Bruun,vbruun73@purevolume.com,Volunteer,57198
257,Yard Drummer,ydrummer74@china.com.cn,School,90189
258,Gerhardine McRonald,gmcronald75@state.tx.us,Student,28278
259,Rhett Dods,rdods76@columbia.edu,School,85732
260,Kitti Johanchon,kjohanchon77@gnu.org,Teacher,17622
261,Daphne Kielty,dkielty78@theatlantic.com,School,40745
262,Amos Doree,adoree79@sourceforge.net,Parent,20557
263,Bonnee Padson,bpadson7a@xing.com,Teacher,61825
264,Anson Whaymand,awhaymand7b@nydailynews.com,Volunteer,83716
265,Lodovico Hogsden,lhogsden7c@arizona.edu,Student,93407
266,Nesta Gatchel,ngatchel7d@jiathis.com,Volunteer,20784
267,Alia Scannell,ascannell7e@nbcnews.com,Student,89087
268,Kaye Carthew,kcarthew7f@google.ru,School,8638
269,Jami Hayselden,jhayselden7g@istockphoto.com,Student,61110
270,Lia Justis,ljustis7h@themeforest.net,Student,93704
271,Ricki Fodden,rfodden7i@ftc.gov,Volunteer,30343
272,Eugen Oleszcuk,eoleszcuk7j@macromedia.com,Volunteer,47712
273,Ebba Bullock,ebullock7k@desdev.cn,School,28220
274,Kaleena Mundell,kmundell7l@xing.com,Parent,31405
275,Burty Dunn,bdunn7m@t-online.de,Teacher,83405
276,Nerty Buckoke,nbuckoke7n@blogtalkradio.com,Teacher,94616
277,Samson Paddie,spaddie7o@free.fr,School,84170
278,Woodman Niche,wniche7p@alibaba.com,Parent,62776
279,Selene Tooker,stooker7q@barnesandnoble.com,School,80910
280,Christye Copper,ccopper7r@geocities.jp,School,28278
281,Orren Brehault,obrehault7s@surveymonkey.com,School,10110
282,Munmro Jerzyk,mjerzyk7t@walmart.com,Parent,77255
283,Cori Vinck,cvinck7u@admin.ch,Student,74103
284,Marja Minett,mminett7v@spiegel.de,Teacher,33345
285,Dal Laxe,dlaxe7w@hc360.com,Volunteer,34981
286,Nollie Peerless,npeerless7x@cisco.com,Student,36610
287,Olivia Strettle,ostrettle7y@huffingtonpost.com,Parent,90045
288,Griff Heining,gheining7z@wunderground.com,Parent,70187
289,Alli Dehm,adehm80@illinois.edu,Teacher,77806
290,Blake Stoeck,bstoeck81@nydailynews.com,Student,74116
291,Marget Redholes,mredholes82@angelfire.com,Teacher,60681
292,Rachael Arundale,rarundale83@phoca.cz,School,20022
293,Grady Avory,gavory84@deliciousdays.com,Student,93311
294,Cyndia Stroud,cstroud85@ameblo.jp,Parent,25313
295,Else Grinyer,egrinyer86@mit.edu,School,31210
296,Carmita Chasmer,cchasmer87@bbb.org,Student,12227
297,Catherina Tunny,ctunny88@qq.com,Student,33018
298,Vic Greaterex,vgreaterex89@bloglovin.com,Teacher,75216
299,Paul Scholes,pscholes8a@ucoz.ru,Teacher,77010
300,Eugen Labusquiere,elabusquiere8b@netlog.com,Volunteer,21239
301,Maud Dumigan,mdumigan8c@topsy.com,School,49006
302,Celisse Elsey,celsey8d@imageshack.us,Teacher,99507
303,Kile Presdie,kpresdie8e@xrea.com,Volunteer,71151
304,Jaye Tudbald,jtudbald8f@hao123.com,Student,92513
305,Retha Jacobssen,rjacobssen8g@archive.org,School,84152
306,Noreen Meininking,nmeininking8h@istockphoto.com,School,98185
307,Ivonne Collcutt,icollcutt8i@msu.edu,Volunteer,68510
308,Augustine Gainor,againor8j@elpais.com,School,55402
309,Madelena Elstow,melstow8k@adobe.com,Volunteer,89125
310,Rhys Whiffin,rwhiffin8l@fema.gov,Student,74103
311,Sarah Rosengarten,srosengarten8m@vistaprint.com,School,12232
312,Odelle Brinsford,obrinsford8n@php.net,Volunteer,98133
313,Fields Gilkison,fgilkison8o@networksolutions.com,Teacher,28405
314,Peadar Plaskett,pplaskett8p@tuttocitta.it,Student,33448
315,Iosep Ridding,iridding8q@hud.gov,Student,27710
316,Ross Coopey,rcoopey8r@wiley.com,School,90094
317,Eirena Di Biasio,edi8s@howstuffworks.com,Teacher,33405
318,Babette Jardin,bjardin8t@jigsy.com,School,19495
319,Maxy Kulas,mkulas8u@purevolume.com,Student,32885
320,Shamus Dennant,sdennant8v@baidu.com,Volunteer,78726
321,Patrick Kellough,pkellough8w@google.cn,School,6183
322,Waneta Riccardo,wriccardo8x@wikispaces.com,Student,52809
323,Gerri McNelis,gmcnelis8y@ebay.com,Volunteer,60351
324,Merrile Tampling,mtampling8z@odnoklassniki.ru,Parent,30033
325,Constancy Frontczak,cfrontczak90@imageshack.us,Student,34985
326,Jeana Kiddie,jkiddie91@comsenz.com,Parent,80328
327,Simmonds MacBrearty,smacbrearty92@accuweather.com,Parent,33111
328,Albie Mac Giolla Pheadair,amac93@lycos.com,Teacher,95354
329,Lovell O' Ronan,lo94@angelfire.com,Student,35487
330,Lind Cosens,lcosens95@bing.com,Volunteer,54915
331,Kelley Anlay,kanlay96@pinterest.com,Volunteer,75277
332,Dick Longcaster,dlongcaster97@fema.gov,Teacher,68510
333,Deidre Penketh,dpenketh98@hexun.com,Teacher,50305
334,Walliw Broxap,wbroxap99@phoca.cz,Parent,36125
335,Marjory Footer,mfooter9a@nps.gov,Volunteer,94611
336,Hoyt Burnes,hburnes9b@omniture.com,Student,87110
337,Nelie Speariett,nspeariett9c@dailymail.co.uk,Volunteer,25770
338,Elden Tongs,etongs9d@goo.ne.jp,Volunteer,10131
339,Yoshi Blackburne,yblackburne9e@gnu.org,Parent,64153
340,Dill Leopold,dleopold9f@cbc.ca,Parent,80945
341,Scarface Maliffe,smaliffe9g@redcross.org,Parent,50362
342,Fonsie Belliss,fbelliss9h@nymag.com,Volunteer,50981
343,Rochell Faulkner,rfaulkner9i@alibaba.com,Volunteer,10260
344,Lula Pochon,lpochon9j@mapquest.com,Teacher,95194
345,Guthry Hickford,ghickford9k@omniture.com,School,83705
346,Tallou Battaille,tbattaille9l@cisco.com,Parent,55557
347,Sallyann Dust,sdust9m@google.com,Parent,95828
348,Hana Kadwallider,hkadwallider9n@livejournal.com,Student,34611
349,Caro Pickover,cpickover9o@cloudflare.com,Parent,85705
350,Sile Kinkaid,skinkaid9p@indiatimes.com,Volunteer,33028
351,Wilma Robberts,wrobberts9q@lulu.com,Teacher,62205
352,Kristopher Rudge,krudge9r@chron.com,Volunteer,78230
353,Stafford Joel,sjoel9s@microsoft.com,Volunteer,30610
354,Ealasaid Morse,emorse9t@fotki.com,Teacher,75074
355,Ainslee Colrein,acolrein9u@fema.gov,Parent,27626
356,Georges Brogiotti,gbrogiotti9v@wikimedia.org,School,79171
357,Kacy Eckels,keckels9w@parallels.com,Teacher,95118
358,Ira Bowsher,ibowsher9x@eventbrite.com,School,99220
359,Eduardo Meryett,emeryett9y@opensource.org,Parent,63131
360,Angeli Dawney,adawney9z@toplist.cz,Parent,85015
361,Cyb Sanson,csansona0@pbs.org,Parent,86305
362,Pierre Cable,pcablea1@symantec.com,Parent,79410
363,Gerrard Tithecote,gtithecotea2@nature.com,School,2453
364,Patrice Piel,ppiela3@cam.ac.uk,School,20310
365,Elmira O'Collopy,eocollopya4@purevolume.com,School,79105
366,Sophie Brown,sbrowna5@aboutads.info,School,95818
367,Jorgan Pales,jpalesa6@yolasite.com,Teacher,14263
368,Abeu Dundridge,adundridgea7@slideshare.net,Parent,71137
369,Matilda Bolden,mboldena8@bloglines.com,School,83206
370,Orrin Wood,owooda9@twitter.com,Parent,88553
371,Avictor Whitnall,awhitnallaa@alexa.com,Volunteer,45470
372,Sarita Lebbern,slebbernab@scribd.com,Volunteer,44760
373,Gilberta Tille,gtilleac@webeden.co.uk,Volunteer,13251
374,Winifield Jandel,wjandelad@huffingtonpost.com,Parent,93005
375,Tricia Schulze,tschulzeae@army.mil,Teacher,27710
376,Aprilette Van Velde,avanaf@usnews.com,Volunteer,78285
377,Kenna Packman,kpackmanag@1und1.de,Volunteer,31410
378,Gabriele Strewther,gstrewtherah@fc2.com,Volunteer,37605
379,Dre Spawell,dspawellai@shop-pro.jp,Parent,47134
380,Misti Kleisel,mkleiselaj@tinyurl.com,Student,89714
381,Maggee Garcia,mgarciaak@blinklist.com,Parent,92405
382,Rafael Hayselden,rhayseldenal@hatena.ne.jp,Parent,68105
383,Noland Gorch,ngorcham@china.com.cn,Teacher,75221
384,Hewe Drohun,hdrohunan@loc.gov,School,18514
385,Kev Banford,kbanfordao@acquirethisname.com,Student,70160
386,Jeffie Bolden,jboldenap@dedecms.com,Teacher,72215
387,Jeramey Konmann,jkonmannaq@goo.gl,Parent,29605
388,Evin Palk,epalkar@shareasale.com,Teacher,96850
389,Doe Craw,dcrawas@webeden.co.uk,Student,49006
390,Christopher Dempsey,cdempseyat@wp.com,Teacher,32825
391,Darb Wassell,dwassellau@tinyurl.com,Parent,32123
392,Denyse Claybourn,dclaybournav@fotki.com,Teacher,88558
393,Janna Horder,jhorderaw@apple.com,Student,87180
394,Cory Hawick,chawickax@aboutads.info,School,25709
395,Joscelin Pothbury,jpothburyay@sbwire.com,Student,29615
396,Leanora Tutill,ltutillaz@wikimedia.org,Teacher,33421
397,Fanechka Sherborne,fsherborneb0@studiopress.com,School,23242
398,Lori Dominichetti,ldominichettib1@posterous.com,Teacher,71213
399,Cullen Liversidge,cliversidgeb2@delicious.com,Volunteer,20816
400,Sybyl Crosston,scrosstonb3@about.me,School,40215
401,Gradeigh But,gbutb4@example.com,Student,59806
402,Cristionna Hoble,chobleb5@huffingtonpost.com,School,33954
403,Noell Garrison,ngarrisonb6@google.cn,Parent,55557
404,Kerwinn Glanvill,kglanvillb7@eventbrite.com,Parent,90310
405,Shanta Smallbone,ssmallboneb8@nhs.uk,Student,33330
406,Norris Owers,nowersb9@who.int,Teacher,63180
407,Gayle Capitano,gcapitanoba@skyrock.com,Teacher,64179
408,Belia Holburn,bholburnbb@google.it,Volunteer,93106
409,Theodoric Mateo,tmateobc@adobe.com,School,10045
410,Myrtice Sandeford,msandefordbd@oracle.com,Parent,32825
411,Wendall Emlen,wemlenbe@plala.or.jp,Volunteer,32405
412,Doe Raulstone,draulstonebf@google.com.br,Parent,7505
413,Tabitha Slide,tslidebg@google.nl,Student,40596
414,Tawsha Harby,tharbybh@webmd.com,Teacher,12227
415,Jessee Mattessen,jmattessenbi@tinyurl.com,Student,50393
416,Jerad Yaakov,jyaakovbj@blinklist.com,Student,33141
417,Gerhardt Beardsall,gbeardsallbk@nyu.edu,Parent,91505
418,Jacquetta Alcock,jalcockbl@admin.ch,Student,54915
419,Fanchette Ebbetts,febbettsbm@sciencedaily.com,Teacher,33777
420,Reinwald Seif,rseifbn@vimeo.com,Volunteer,79405
421,Miltie Salla,msallabo@4shared.com,Volunteer,77085
422,Ellary Lawranson,elawransonbp@ezinearticles.com,Teacher,90020
423,Pearce Pettit,ppettitbq@yahoo.co.jp,Parent,85099
424,Mame Franscioni,mfranscionibr@jiathis.com,School,44125
425,Curt Shaefer,cshaeferbs@amazonaws.com,Student,90398
426,Camala Riolfo,criolfobt@intel.com,Parent,97312
427,Carine Belden,cbeldenbu@oakley.com,School,95123
428,Joaquin Peabody,jpeabodybv@techcrunch.com,Teacher,21684
429,Ephrayim Wakefield,ewakefieldbw@buzzfeed.com,Student,22309
430,Bryn Boscher,bboscherbx@addtoany.com,Teacher,40546
431,Luz Nazair,lnazairby@youtube.com,Volunteer,85083
432,Austine Hawarden,ahawardenbz@mit.edu,Student,51110
433,Evonne Sheehy,esheehyc0@squidoo.com,Parent,29579
434,Salvador Duchesne,sduchesnec1@sourceforge.net,School,11024
435,Claresta Kersaw,ckersawc2@oaic.gov.au,Parent,43204
436,Wenda Abelwhite,wabelwhitec3@bravesites.com,Parent,85710
437,Lina Tack,ltackc4@myspace.com,Student,99512
438,Leonie Malecky,lmaleckyc5@columbia.edu,Teacher,6510
439,Wynnie Buzza,wbuzzac6@phpbb.com,Parent,12242
440,Auberta Bampforth,abampforthc7@ezinearticles.com,School,70805
441,Neron Tidy,ntidyc8@europa.eu,Parent,19125
442,Ryann Brient,rbrientc9@ted.com,School,48098
443,Fredericka Oughtright,foughtrightca@usgs.gov,Student,73179
444,Orton Enrico,oenricocb@webnode.com,School,76544
445,Melva Anmore,manmorecc@cisco.com,Parent,89436
446,Salvidor Servis,sserviscd@oakley.com,School,33034
447,Jobi Danzelman,jdanzelmance@eepurl.com,Student,35810
448,Audre Orrett,aorrettcf@salon.com,Student,23208
449,Tillie Gatcliff,tgatcliffcg@moonfruit.com,Parent,49518
450,Honor Deyes,hdeyesch@pcworld.com,Volunteer,6912
451,Gavra Tixier,gtixierci@usnews.com,School,93778
452,Hodge Batrim,hbatrimcj@squidoo.com,Teacher,80249
453,Harley Chang,hchangck@amazon.com,Student,75367
454,Ulrica Dalmon,udalmoncl@hao123.com,Parent,77346
455,Kelly Spaducci,kspaduccicm@cargocollective.com,Teacher,91406
456,Gaylene Fardy,gfardycn@cdbaby.com,Teacher,91797
457,Lethia Bridgland,lbridglandco@issuu.com,Student,96840
458,Vinny Sarginson,vsarginsoncp@webmd.com,Student,48275
459,Thornie Klosser,tklossercq@xing.com,School,66642
460,Doria Swiffin,dswiffincr@squarespace.com,Teacher,85005
461,Chance Mahoney,cmahoneycs@shop-pro.jp,School,15274
462,Cart Bevington,cbevingtonct@opera.com,Volunteer,85743
463,Linell Poinsett,lpoinsettcu@fema.gov,School,33610
464,Dalt Bowgen,dbowgencv@shutterfly.com,Student,32399
465,Roddy Chominski,rchominskicw@upenn.edu,Teacher,66642
466,Barthel Heggadon,bheggadoncx@privacy.gov.au,Volunteer,32225
467,Valle Jedrys,vjedryscy@nba.com,Parent,81505
468,Ernesta Samms,esammscz@foxnews.com,Parent,57198
469,Madelle Cristofanini,mcristofaninid0@ed.gov,Student,90189
470,Carlie Blunsen,cblunsend1@wufoo.com,Student,28278
471,Eilis Gerholz,egerholzd2@desdev.cn,Teacher,85732
472,Marnia Rysom,mrysomd3@yahoo.co.jp,Student,17622
473,Gonzales Pickring,gpickringd4@foxnews.com,School,40745
474,Frans Whiffin,fwhiffind5@goodreads.com,Parent,20557
475,Jacky Rosenstein,jrosensteind6@usatoday.com,Volunteer,61825
476,Fancie Digle,fdigled7@shop-pro.jp,Parent,83716
477,Temple Gosland,tgoslandd8@dropbox.com,School,93407
478,Emiline Carlesso,ecarlessod9@zimbio.com,Parent,20784
479,Leigha Stoffel,lstoffelda@seattletimes.com,Student,89087
480,Allx Baldung,abaldungdb@discovery.com,Parent,8638
481,Dorelia Keer,dkeerdc@vimeo.com,School,61110
482,Merrel Di Carlo,mdidd@latimes.com,Teacher,93704
483,Monica Abelson,mabelsonde@mail.ru,Volunteer,30343
484,Jordan Inworth,jinworthdf@squidoo.com,School,47712
485,Ulrika Fudge,ufudgedg@who.int,School,28220
486,Ronna Knutsen,rknutsendh@cisco.com,Parent,31405
487,Chickie Ventum,cventumdi@pagesperso-orange.fr,Student,83405
488,Norbie Myhan,nmyhandj@independent.co.uk,Teacher,94616
489,Ernie Callan,ecallandk@washington.edu,Parent,84170
490,Pearla Cowely,pcowelydl@cbc.ca,Student,62776
491,Kendra Dannell,kdannelldm@w3.org,School,80910
492,Ludwig Dmytryk,ldmytrykdn@google.it,Parent,28278
493,Tiphanie Gatling,tgatlingdo@pbs.org,Teacher,10110
494,Theodora Rikard,trikarddp@army.mil,Student,77255
495,Templeton Bainbrigge,tbainbriggedq@sbwire.com,Teacher,74103
496,Nicky Rizzillo,nrizzillodr@is.gd,Teacher,33345
497,Mickie Bellringer,mbellringerds@qq.com,School,34981
498,Dar Alpes,dalpesdt@live.com,Volunteer,36610
499,Rik Rudiger,rrudigerdu@taobao.com,School,90045
500,Herman Royall,hroyalldv@engadget.com,Volunteer,70187
501,Keely Lorrie,klorriedw@java.com,School,77806
502,Randi Serrels,rserrelsdx@bizjournals.com,School,74116
503,Eloise McGilroy,emcgilroydy@dmoz.org,School,60681
504,Tess Pariso,tparisodz@tamu.edu,School,20022
505,Thatch Titchener,ttitchenere0@cornell.edu,Student,93311
506,Mellicent Newing,mnewinge1@flickr.com,Student,25313
507,Pauline St. Aubyn,pste2@chicagotribune.com,Student,31210
508,Shelly Opie,sopiee3@bbb.org,Student,12227
509,Stephanus Weinham,sweinhame4@dell.com,School,33018
510,Dougie Kitchinghan,dkitchinghane5@census.gov,Student,75216
511,Fredi Keirle,fkeirlee6@oakley.com,Teacher,77010
512,Belia McGairl,bmcgairle7@toplist.cz,Teacher,21239
513,Miranda Guslon,mguslone8@disqus.com,Teacher,49006
514,Sibelle McCowen,smccowene9@tumblr.com,Parent,99507
515,Graham Gillham,ggillhamea@tripadvisor.com,Volunteer,71151
516,Sheffy Clawsley,sclawsleyeb@tumblr.com,Student,92513
517,Claiborn Earles,cearlesec@ask.com,Teacher,84152
518,Goldy Silcock,gsilcocked@creativecommons.org,Student,98185
519,Marten Belhomme,mbelhommeee@va.gov,Parent,68510
520,Brandais Behneke,bbehnekeef@ftc.gov,Parent,55402
521,Dukey Alvy,dalvyeg@shutterfly.com,Parent,89125
522,Ban Comi,bcomieh@ftc.gov,Teacher,74103
523,Lisbeth Denial,ldenialei@i2i.jp,Parent,12232
524,Kevin Corish,kcorishej@shinystat.com,Student,98133
525,Benedicta Trenholme,btrenholmeek@liveinternet.ru,School,28405
526,Eziechiele Mews,emewsel@surveymonkey.com,Teacher,33448
527,Corie Connold,cconnoldem@github.io,Parent,27710
528,Siobhan Outlaw,soutlawen@epa.gov,Parent,90094
529,Lynelle Tissington,ltissingtoneo@behance.net,Teacher,33405
530,Glory Gilley,ggilleyep@businessweek.com,School,19495
531,Shelba Sharrock,ssharrockeq@hatena.ne.jp,Student,32885
532,Randy Jacquemot,rjacquemoter@icio.us,Volunteer,78726
533,Danya Jull,djulles@twitpic.com,Teacher,6183
534,Alejandro Treacy,atreacyet@amazon.de,Volunteer,52809
535,Cully Seeks,cseekseu@ocn.ne.jp,Parent,60351
536,Leonie Hardway,lhardwayev@webs.com,Teacher,30033
537,Chen Illingsworth,cillingsworthew@nydailynews.com,Parent,34985
538,Quinlan Heeney,qheeneyex@newsvine.com,Teacher,80328
539,Mia Extall,mextalley@un.org,Student,33111
540,Quintina McShirrie,qmcshirrieez@woothemes.com,Teacher,95354
541,Ethelin Le Moucheux,elef0@chronoengine.com,Parent,35487
542,Gabriella Laden,gladenf1@devhub.com,School,54915
543,Willdon Geldeford,wgeldefordf2@jugem.jp,School,75277
544,Osbourne Vanini,ovaninif3@reddit.com,Volunteer,68510
545,Rusty Gummer,rgummerf4@newyorker.com,Parent,50305
546,Jo Jacobson,jjacobsonf5@jigsy.com,Teacher,36125
547,Randie Linzee,rlinzeef6@sfgate.com,Parent,94611
548,Kara-lynn Gonnely,kgonnelyf7@si.edu,Student,87110
549,Grissel Edkins,gedkinsf8@nature.com,Teacher,25770
550,Maurizio Haldin,mhaldinf9@bandcamp.com,Parent,10131
551,Nelle Balf,nbalffa@omniture.com,Teacher,64153
552,Nicoline Januszewicz,njanuszewiczfb@ow.ly,Volunteer,93407
553,Penny Appleby,papplebyfc@bloglovin.com,Student,20784
554,Dwain Cousens,dcousensfd@harvard.edu,Student,89087
555,Marta Bedwell,mbedwellfe@yahoo.co.jp,Student,8638
556,Rickey Quinnell,rquinnellff@disqus.com,School,61110
557,Berni Mathevon,bmathevonfg@weebly.com,Parent,93704
558,Gipsy Cork,gcorkfh@mediafire.com,Teacher,30343
559,Arlina Wordsley,awordsleyfi@va.gov,School,95828
560,Bethanne Ben,bbenfj@comsenz.com,Teacher,34611
561,Jayne Sinnatt,jsinnattfk@ask.com,Volunteer,85705
562,Lazarus Oguz,loguzfl@soundcloud.com,Parent,33028
563,Osmond Jull,ojullfm@privacy.gov.au,Volunteer,62205
564,Donal Harhoff,dharhofffn@wix.com,Teacher,78230
565,Malorie Ubsdale,mubsdalefo@arizona.edu,School,30610
566,Denis Johnston,djohnstonfp@tripod.com,Student,75074
567,Shawna Grinter,sgrinterfq@mapquest.com,Volunteer,27626
568,Fredelia Sweedland,fsweedlandfr@chicagotribune.com,Teacher,79171
569,Helyn Mompesson,hmompessonfs@weather.com,Student,95118
570,Cordelie D'Aulby,cdaulbyft@census.gov,Volunteer,99220
571,Fidelia Willett,fwillettfu@odnoklassniki.ru,Volunteer,63131
572,Archie Laurant,alaurantfv@sourceforge.net,School,85015
573,Brook Kliemchen,bkliemchenfw@bloglovin.com,Student,86305
574,Gilburt Vaudre,gvaudrefx@usnews.com,School,79410
575,Nickolai Gertray,ngertrayfy@sohu.com,Volunteer,2453
576,Celine Merrigans,cmerrigansfz@example.com,Volunteer,20310
577,Colby Cotgrove,ccotgroveg0@slideshare.net,Volunteer,79105
578,Kimberly Saltrese,ksaltreseg1@ycombinator.com,School,95194
579,Robbie Beyne,rbeyneg2@webeden.co.uk,Teacher,66112
580,Heidie Benedick,hbenedickg3@creativecommons.org,Teacher,34665
581,Enrichetta Ortells,eortellsg4@telegraph.co.uk,Teacher,25770
582,Janka Rowlin,jrowling5@sogou.com,Student,20299
583,Goober Farey,gfareyg6@cyberchimps.com,School,75358
584,Star Hacquard,shacquardg7@ebay.com,Teacher,40618
585,Maynard Triggel,mtriggelg8@reuters.com,Student,32220
586,Vincenz Lambert,vlambertg9@deviantart.com,Volunteer,21265
587,Iggie Postles,ipostlesga@pcworld.com,School,6183
588,Gerhardine Bohlsen,gbohlsengb@squidoo.com,Parent,18505
589,Kimball Worsnip,kworsnipgc@trellian.com,Parent,19093
590,Lusa Van den Hof,lvangd@salon.com,Student,94089
591,Talbot Chin,tchinge@wisc.edu,Student,73034
592,Hurley Batterham,hbatterhamgf@imdb.com,Teacher,20456
593,Brewer Dymocke,bdymockegg@mozilla.org,Student,90081
594,Joella Havard,jhavardgh@surveymonkey.com,School,67260
595,Alejandro Foukx,afoukxgi@noaa.gov,School,88546
596,Carver Whimp,cwhimpgj@theglobeandmail.com,Volunteer,92505
597,Geno Hadley,ghadleygk@4shared.com,Teacher,91328
598,Marten Leathers,mleathersgl@stanford.edu,Student,71166
599,Boot Fomichkin,bfomichkingm@alexa.com,Student,28805
600,Anya Alessandrelli,aalessandrellign@gmpg.org,Student,19191
601,Cynthea Shadrach,cshadrachgo@simplemachines.org,School,87105
602,Tedd Hurkett,thurkettgp@123-reg.co.uk,Student,75251
603,Ettie Hunnywell,ehunnywellgq@dell.com,Parent,11044
604,Shauna Felix,sfelixgr@pinterest.com,Parent,93407
605,Thaxter Hartley,thartleygs@naver.com,School,20784
606,Ramsay McCrackem,rmccrackemgt@canalblog.com,Student,89087
607,Giselbert Bramford,gbramfordgu@omniture.com,School,8638
608,Nilson Cejka,ncejkagv@ucla.edu,Teacher,61110
609,Adrienne Lithgow,alithgowgw@scientificamerican.com,Student,93704
610,Cynde Grundle,cgrundlegx@blogs.com,Teacher,30343
611,Mia Sisley,msisleygy@i2i.jp,Teacher,46852
612,Ricki Basten,rbastengz@canalblog.com,Student,22156
613,Ardis Ondrus,aondrush0@un.org,Student,98008
614,Hamil Ludy,hludyh1@noaa.gov,Parent,47719
615,Arnie Dutnell,adutnellh2@ehow.com,Teacher,23242
616,Gabbey Cuerdale,gcuerdaleh3@guardian.co.uk,Parent,19131
617,Kimberli Corkett,kcorketth4@mapy.cz,Student,95108
618,Bambie Cornick,bcornickh5@auda.org.au,Student,10024
619,Christabel Glasebrook,cglasebrookh6@cbslocal.com,Volunteer,75205
620,Irv Follitt,ifollitth7@jiathis.com,Teacher,32610
621,Dosi Lafferty,dlaffertyh8@weebly.com,Parent,50706
622,Aurilia Younger,ayoungerh9@gravatar.com,Student,95064
623,Ulrick Armer,uarmerha@smh.com.au,Volunteer,43284
624,Clary Cherrison,ccherrisonhb@theglobeandmail.com,School,80945
625,Herbert Agastina,hagastinahc@wp.com,Teacher,19495
626,Vere Gallagher,vgallagherhd@ibm.com,Student,80204
627,Gun Knightley,gknightleyhe@ovh.net,Teacher,27157
628,Hastings Challiss,hchallisshf@omniture.com,Student,87180
629,Dalis Bracey,dbraceyhg@icio.us,Teacher,39705
630,Kris De Souza,kdehh@networkadvertising.org,School,20566
631,Emogene Pitblado,epitbladohi@51.la,Teacher,19605
632,Ainslee Orrow,aorrowhj@columbia.edu,Parent,11436
633,Sena Chatten,schattenhk@cisco.com,Volunteer,76178
634,Rivkah Redmond,rredmondhl@yolasite.com,School,46247
635,Edsel Gumery,egumeryhm@yolasite.com,Student,37220
636,Eugenia Cesco,ecescohn@cornell.edu,Parent,10184
637,Olav Diter,oditerho@uol.com.br,Teacher,29411
638,Gerard Kennelly,gkennellyhp@cdbaby.com,Parent,28815
639,Morgana Cecchi,mcecchihq@intel.com,School,85015
640,Milli Howson,mhowsonhr@bandcamp.com,Volunteer,2114
641,Vince Halhead,vhalheadhs@wix.com,School,35225
642,Nelson McKmurrie,nmckmurrieht@columbia.edu,School,85732
643,Rowen Alexsandrov,ralexsandrovhu@si.edu,Teacher,52809
644,Claudell Rackley,crackleyhv@fema.gov,School,63150
645,Renaldo Farnaby,rfarnabyhw@jalbum.net,Parent,95828
646,Todd Fendley,tfendleyhx@bloglovin.com,Volunteer,33134
647,Marjy Stenhouse,mstenhousehy@google.es,Parent,87195
648,Curt Greenacre,cgreenacrehz@friendfeed.com,School,19120
649,Suki Cuniffe,scuniffei0@gnu.org,Parent,37995
650,Suzie Semken,ssemkeni1@slashdot.org,School,90847
651,Adina Holliar,aholliari2@constantcontact.com,Volunteer,83705
652,Devin Hensmans,dhensmansi3@cdc.gov,Volunteer,14269
653,Isabella Titcom,ititcomi4@bizjournals.com,Teacher,19495
654,Ferdinande Madelin,fmadelini5@ning.com,Teacher,12247
655,Alano Drohun,adrohuni6@amazon.de,Parent,23242
656,Othilia Gorham,ogorhami7@netvibes.com,Parent,30311
657,Guthry Busst,gbussti8@google.es,School,89087
658,Norah Cockton,ncocktoni9@flickr.com,Parent,12242
659,Melina Bree,mbreeia@lulu.com,School,77245
660,Margarita Christou,mchristouib@cdbaby.com,Volunteer,19151
661,Bab O'Shiels,boshielsic@go.com,Teacher,98185
662,Ignazio Devinn,idevinnid@businessinsider.com,Teacher,46614
663,Hershel Hurford,hhurfordie@simplemachines.org,Student,30096
664,Lonee Debenham,ldebenhamif@tinypic.com,Volunteer,93407
665,Johnnie Hollingsbee,jhollingsbeeig@sciencedaily.com,Student,20784
666,Hashim Ivankin,hivankinih@blogspot.com,Volunteer,89087
667,Muriel Hannan,mhannanii@dell.com,Volunteer,8638
668,Deloria Rider,driderij@istockphoto.com,Teacher,61110
669,Elka Skittles,eskittlesik@tuttocitta.it,School,93704
670,Jude Wright,jwrightil@geocities.jp,Volunteer,30343
671,Opalina Flowith,oflowithim@hatena.ne.jp,Volunteer,48550
672,Keefe Roddick,kroddickin@mayoclinic.com,Volunteer,97229
673,Doll Tansill,dtansillio@hubpages.com,School,2124
674,Wainwright Muff,wmuffip@columbia.edu,Volunteer,70616
675,Sutherland Mellmer,smellmeriq@unblog.fr,Teacher,78296
676,Alvan Budgen,abudgenir@columbia.edu,Student,77343
677,Henrik Hilldrop,hhilldropis@google.co.jp,Student,90060
678,Chantalle Boreland,cborelandit@ox.ac.uk,Teacher,20299
679,Nadeen Peiser,npeiseriu@bandcamp.com,School,92648
680,Dot Plewright,dplewrightiv@utexas.edu,Student,60652
681,Edgardo Saylor,esayloriw@scribd.com,Parent,99215
682,Agnola Colson,acolsonix@squarespace.com,Volunteer,84115
683,Rori Wintersgill,rwintersgilliy@domainmarket.com,Parent,47134
684,Bud Purdy,bpurdyiz@businessinsider.com,Teacher,88535
685,Hebert Moutray Read,hmoutrayj0@xinhuanet.com,Parent,29610
686,Neda Spata,nspataj1@google.co.jp,Student,79159
687,Ardine Coning,aconingj2@linkedin.com,Student,50310
688,Edythe Idiens,eidiensj3@vistaprint.com,Parent,16550
689,Rosella Scroyton,rscroytonj4@sphinn.com,Teacher,22301
690,Ronnie Deerr,rdeerrj5@canalblog.com,Parent,91606
691,Rena Almack,ralmackj6@gravatar.com,Student,79769
692,Annie Poller,apollerj7@reuters.com,Volunteer,20370
693,Francine Mar,fmarj8@comcast.net,Teacher,94064
694,Jacquetta Flaverty,jflavertyj9@aboutads.info,Volunteer,76210
695,Charita Warrick,cwarrickja@bigcartel.com,Student,80223
696,Aurilia Crecy,acrecyjb@joomla.org,Volunteer,28055
697,Paulo Wards,pwardsjc@toplist.cz,Teacher,94913
698,Tracee Brearton,tbreartonjd@woothemes.com,School,33034
699,Jo-anne Beaconsall,jbeaconsallje@creativecommons.org,School,61605
700,Kass Titcom,ktitcomjf@wired.com,Volunteer,85710
701,Pearle Khoter,pkhoterjg@livejournal.com,School,32236
702,Beverley Arpino,barpinojh@free.fr,Teacher,91505
703,Knox LeEstut,kleestutji@epa.gov,Volunteer,98166
704,Genevieve Stairmond,gstairmondjj@webnode.com,School,93111
705,Zenia Issacov,zissacovjk@goodreads.com,Volunteer,60681
706,Merrel Genever,mgeneverjl@arstechnica.com,Teacher,33467
707,Jefferey Nern,jnernjm@rakuten.co.jp,Volunteer,10045
708,Averil Lantoph,alantophjn@yellowbook.com,Student,34114
709,Brigham Delcastel,bdelcasteljo@delicious.com,School,76796
710,Isador Riding,iridingjp@earthlink.net,Student,55188
711,Osborn Harbinson,oharbinsonjq@hubpages.com,Parent,34135
712,Galvan Clemson,gclemsonjr@wufoo.com,Volunteer,80241
713,Hieronymus Wormstone,hwormstonejs@google.com.au,Student,36610
714,Rurik Jzak,rjzakjt@booking.com,Student,76198
715,Billie Scopham,bscophamju@virginia.edu,Parent,44130
716,Nicholas Parmley,nparmleyjv@livejournal.com,School,28410
717,Doti Shorten,dshortenjw@yahoo.com,Volunteer,38143
718,Ossie Dewi,odewijx@amazon.de,Volunteer,23668
719,Harman Gillice,hgillicejy@live.com,Parent,97211
720,Susy Busen,sbusenjz@gnu.org,Parent,92415
721,Maureen Spurden,mspurdenk0@facebook.com,School,50305
722,Tomasina Capstick,tcapstickk1@e-recht24.de,School,78710
723,Lindy Kinzett,lkinzettk2@usatoday.com,Parent,62776
724,Britney Kimber,bkimberk3@mac.com,Teacher,11388
725,Kalli Culpin,kculpink4@list-manage.com,Volunteer,13217
726,Tomlin Breagan,tbreagank5@ihg.com,Parent,34276
727,August Crunkhurn,acrunkhurnk6@de.vu,Volunteer,94286
728,Andrea Pfaff,apfaffk7@tamu.edu,School,11024
729,Barnabas Spinetti,bspinettik8@japanpost.jp,Student,33190
730,Rog Cuskery,rcuskeryk9@indiegogo.com,Volunteer,20205
731,Belva Jickles,bjickleska@ebay.co.uk,Student,94522
732,Conchita Drust,cdrustkb@answers.com,Teacher,89178
733,Carrol Pashley,cpashleykc@indiegogo.com,Student,48919
734,Ortensia Longmead,olongmeadkd@hugedomains.com,Volunteer,78759
735,Joanne Haspineall,jhaspineallke@fema.gov,Parent,19131
736,Horatius Limpricht,hlimprichtkf@forbes.com,School,22184
737,Fiann Piercey,fpierceykg@1und1.de,Parent,73142
738,Lacee Signorelli,lsignorellikh@va.gov,Parent,66225
739,Noella Epelett,nepelettki@twitter.com,Parent,16522
740,Sophronia Murtimer,smurtimerkj@networkadvertising.org,Volunteer,36109
741,Elie Saura,esaurakk@ibm.com,Student,56398
742,Hank Zanassi,hzanassikl@sohu.com,Volunteer,34611
743,Aldrich Bendtsen,abendtsenkm@lycos.com,Volunteer,16550
744,Dal Elix,delixkn@webs.com,Parent,89115
745,Babita Deex,bdeexko@nsw.gov.au,Parent,20397
746,Kilian Bentham,kbenthamkp@examiner.com,Student,99260
747,Auberon Naris,anariskq@psu.edu,Student,70593
748,Padraic Grunder,pgrunderkr@soup.io,Student,2142
749,Francene Colmer,fcolmerks@netvibes.com,Parent,37914
750,Zorine Pilbeam,zpilbeamkt@sakura.ne.jp,Parent,15266
751,Malina Waller,mwallerku@mashable.com,Volunteer,30392
752,Eldridge Berford,eberfordkv@ebay.co.uk,Student,77218
753,Sandor Grancher,sgrancherkw@reference.com,Volunteer,20551
754,Merle Boyan,mboyankx@list-manage.com,Parent,80910
755,Mallissa Neilands,mneilandsky@vk.com,Parent,15274
756,Libby Sedgemond,lsedgemondkz@netlog.com,Volunteer,98109
757,Donny Sircomb,dsircombl0@about.me,Student,23454
758,Valentin Barrell,vbarrelll1@globo.com,Student,32209
759,Gussie Tomaszynski,gtomaszynskil2@slashdot.org,School,90398
760,Ximenes Bontoft,xbontoftl3@squarespace.com,Student,70593
761,Gus Gipp,ggippl4@theguardian.com,Student,6120
762,Shurwood Jiggen,sjiggenl5@hibu.com,Teacher,46247
763,Marchelle Toppin,mtoppinl6@icio.us,School,83206
764,Stacey Pickett,spickettl7@bandcamp.com,Volunteer,17622
765,Ollie Dalgleish,odalgleishl8@paginegialle.it,School,1813
766,Chariot Foucard,cfoucardl9@ca.gov,School,90065
767,Oriana Bruckmann,obruckmannla@microsoft.com,Volunteer,33175
768,William Vidgen,wvidgenlb@theatlantic.com,Parent,27110
769,Seline Cridlan,scridlanlc@ocn.ne.jp,Student,33111
770,Sholom Klais,sklaisld@admin.ch,Parent,20099
771,Caprice Sigg,csiggle@youtu.be,Parent,89160
772,Jilli Isoldi,jisoldilf@tiny.cc,Parent,93709
773,Livvy Caldairou,lcaldairoulg@stanford.edu,Teacher,76134
774,Valeria Snookes,vsnookeslh@addtoany.com,Student,33190
775,Coretta Shovelin,cshovelinli@reuters.com,Volunteer,10459
776,Thornton Bacop,tbacoplj@quantcast.com,Teacher,21275
777,Ainslee Beatson,abeatsonlk@nytimes.com,Parent,19160
778,Issiah Badrock,ibadrockll@baidu.com,Volunteer,80279
779,Norbie Wilce,nwilcelm@liveinternet.ru,Parent,33129
780,Ericka Kropach,ekropachln@typepad.com,Volunteer,20551
781,Jordan Fawley,jfawleylo@ucla.edu,Teacher,33915
782,Raoul Gavan,rgavanlp@drupal.org,Parent,88546
783,Kacie Rawlcliffe,krawlcliffelq@geocities.jp,Teacher,79994
784,Camille Montford,cmontfordlr@google.nl,Volunteer,33742
785,Bertie Lonie,bloniels@reuters.com,Parent,45426
786,Hildagarde Palley,hpalleylt@nyu.edu,Teacher,95205
787,Lorraine Meadway,lmeadwaylu@ox.ac.uk,Volunteer,98008
788,Clemmy Snelson,csnelsonlv@netlog.com,Volunteer,89087
789,Elbertine Shurlock,eshurlocklw@scribd.com,Parent,98516
790,Yancy Eshmade,yeshmadelx@studiopress.com,School,53710
791,Mandie Ludovici,mludovicily@hibu.com,Volunteer,43605
792,Hammad Bramhall,hbramhalllz@china.com.cn,Parent,34290
793,Aldus McKall,amckallm0@exblog.jp,Volunteer,2124
794,Meriel Bleas,mbleasm1@time.com,Teacher,99210
795,Waly Abram,wabramm2@wisc.edu,Parent,43215
796,Pooh Wisdish,pwisdishm3@mysql.com,Student,92505
797,Ronalda Bettis,rbettism4@apple.com,Student,77015
798,Elnore Pendrey,ependreym5@census.gov,Parent,92153
799,Cindie Golden,cgoldenm6@forbes.com,Volunteer,93305
800,Gerladina Dytham,gdythamm7@booking.com,Parent,48912
801,Devy Constantine,dconstantinem8@indiegogo.com,Student,14269
802,Stinky Cuphus,scuphusm9@e-recht24.de,Student,68197
803,Aimee Hawthorn,ahawthornma@storify.com,Teacher,20918
804,Teirtza Zecchinii,tzecchiniimb@cdbaby.com,Parent,75372
805,Sybille Smewings,ssmewingsmc@t-online.de,Teacher,12232
806,Geoff Clacey,gclaceymd@oakley.com,Volunteer,20099
807,Iormina Piddick,ipiddickme@tumblr.com,Student,40205
808,Mab Rignall,mrignallmf@slate.com,School,77276
809,Raf Sendley,rsendleymg@imgur.com,Student,66617
810,Michail Tedorenko,mtedorenkomh@irs.gov,School,28305
811,Anatollo Verheijden,averheijdenmi@gizmodo.com,Student,88541
812,Ceciley Mallows,cmallowsmj@ustream.tv,Parent,33436
813,Jennifer Clench,jclenchmk@people.com.cn,Teacher,31405
814,Lindsey Bruyns,lbruynsml@elegantthemes.com,Volunteer,30375
815,Gray Bradnock,gbradnockmm@linkedin.com,Parent,10014
816,Willetta Avrahamoff,wavrahamoffmn@feedburner.com,Student,32859
817,Garrick Scothern,gscothernmo@photobucket.com,Student,95818
818,Vivie Segrave,vsegravemp@kickstarter.com,Teacher,27621
819,Elinor Jumeau,ejumeaumq@miitbeian.gov.cn,Volunteer,99215
820,Esther Rattry,erattrymr@scientificamerican.com,Student,24009
821,Frasier Vaissiere,fvaissierems@edublogs.org,School,90076
822,Marcos Yashunin,myashuninmt@weather.com,Parent,70810
823,Dougie Risborough,drisboroughmu@loc.gov,Teacher,45208
824,Efrem Syde,esydemv@blinklist.com,Student,84093
825,Nils Rosendorf,nrosendorfmw@ed.gov,Teacher,98687
826,Anthony Baynam,abaynammx@edublogs.org,Parent,55905
827,Madeleine Duddin,mduddinmy@vimeo.com,Parent,78732
828,Cirstoforo Screas,cscreasmz@state.tx.us,Volunteer,74184
829,Shantee Iskower,siskowern0@google.com.au,Parent,88530
830,Nannette Padell,npadelln1@xinhuanet.com,Teacher,8619
831,Charmane Gaucher,cgauchern2@weather.com,Parent,90101
832,Alyson Vaen,avaenn3@stumbleupon.com,Student,6721
833,Cassy Kingsmill,ckingsmilln4@soup.io,Student,27717
834,Rip Rofe,rrofen5@usnews.com,Volunteer,98506
835,Mechelle Imm,mimmn6@meetup.com,Parent,98907
836,Culley Bannester,cbannestern7@buzzfeed.com,Student,18505
837,Rodrique Simonetto,rsimonetton8@si.edu,Volunteer,76598
838,Orlando Brittle,obrittlen9@alexa.com,Volunteer,35810
839,Ardella Coggell,acoggellna@webnode.com,Teacher,12222
840,Bealle Filewood,bfilewoodnb@furl.net,School,20436
841,Winifred Dewer,wdewernc@digg.com,Volunteer,92645
842,Rheba Jeannin,rjeanninnd@harvard.edu,Student,85025
843,Pippo Tabard,ptabardne@hud.gov,Student,32255
844,Sigvard Sempill,ssempillnf@skyrock.com,Teacher,83732
845,Flore Schimoni,fschimoning@netlog.com,Parent,75323
846,Osborn Linneman,olinnemannh@hugedomains.com,School,28205
847,Sissy McNirlan,smcnirlanni@typepad.com,Student,37210
848,Cristionna Cornew,ccornewnj@networksolutions.com,School,98687
849,Caye Willes,cwillesnk@unc.edu,Volunteer,55905
850,Egan Kubicka,ekubickanl@multiply.com,Parent,78732
851,Sawyer Reddie,sreddienm@mayoclinic.com,Parent,74184
852,Cahra Gobbett,cgobbettnn@nbcnews.com,School,88530
853,Anthiathia Simmings,asimmingsno@storify.com,Teacher,8619
854,Sheppard Madgett,smadgettnp@ovh.net,Parent,90101
855,Goldi Ridehalgh,gridehalghnq@irs.gov,Teacher,6721
856,Kata Targetter,ktargetternr@php.net,Volunteer,90189
857,Abbey Maltster,amaltsterns@furl.net,Parent,30506
858,Valerie Noton,vnotonnt@hibu.com,Parent,73129
859,Cecile Landrean,clandreannu@theatlantic.com,Parent,71307
860,Debee Endean,dendeannv@icio.us,Teacher,90071
861,Christophorus Osborn,cosbornnw@netvibes.com,Student,61629
862,Clovis Blabber,cblabbernx@quantcast.com,Volunteer,12237
863,Layton Zanelli,lzanelliny@reference.com,Student,80638
864,Rustie Naris,rnarisnz@reuters.com,School,92410
865,Martainn Brothers,mbrotherso0@furl.net,School,53234
866,Bertram Rockliffe,brockliffeo1@nba.com,Parent,65810
867,Cyndia Lisle,clisleo2@kickstarter.com,Volunteer,43615
868,Felizio Gemlbett,fgemlbetto3@princeton.edu,Teacher,53710
869,Alric Hartley,ahartleyo4@ibm.com,Volunteer,67230
870,Heriberto Szubert,hszuberto5@yellowbook.com,School,46857
871,Issiah Dalley,idalleyo6@typepad.com,Teacher,45254
872,Arne Jobbing,ajobbingo7@spiegel.de,Volunteer,25711
873,Teador Buck,tbucko8@archive.org,Volunteer,55572
874,Paulita Teggart,pteggarto9@barnesandnoble.com,Parent,55805
875,Shirley Burdass,sburdassoa@who.int,Teacher,98140
876,Terrill Wheaton,twheatonob@ovh.net,Student,10557
877,Sullivan Gallardo,sgallardooc@columbia.edu,Student,62723
878,Edith Dumpleton,edumpletonod@vinaora.com,School,25705
879,Delainey Berkery,dberkeryoe@ehow.com,Volunteer,55811
880,Kaile Sarfas,ksarfasof@prweb.com,Student,97201
881,Syman Jean,sjeanog@weebly.com,Student,36628
882,Jaquith Geydon,jgeydonoh@shutterfly.com,School,73114
883,Peadar Kaiser,pkaiseroi@tripadvisor.com,Volunteer,35236
884,Truda Gullyes,tgullyesoj@yelp.com,Volunteer,77844
885,Constancia Potkin,cpotkinok@theguardian.com,Student,92878
886,Ramon Arnaudon,rarnaudonol@mediafire.com,School,55166
887,Gaby Ollett,gollettom@facebook.com,Volunteer,71166
888,Maribeth Bracknell,mbracknellon@sourceforge.net,Teacher,47405
889,Kip Rallings,krallingsoo@dailymail.co.uk,Student,77025
890,Lexine Solman,lsolmanop@cmu.edu,School,14624
891,Helenka Strowther,hstrowtheroq@zdnet.com,Teacher,73152
892,Bunny Spafford,bspaffordor@latimes.com,School,77386
893,Sanson Cuttle,scuttleos@people.com.cn,Parent,78715
894,Madalena Perryman,mperrymanot@cbsnews.com,Parent,8603
895,Brittni Honywill,bhonywillou@jiathis.com,Student,85099
896,Jilli Bryant,jbryantov@deliciousdays.com,Teacher,38104
897,Sande Merriman,smerrimanow@github.io,Teacher,37245
898,Faun Arnke,farnkeox@parallels.com,Student,10557
899,Minette Olivello,molivellooy@scientificamerican.com,Parent,23285
900,Ursa Divine,udivineoz@usda.gov,Parent,55115
901,Anita Yewdell,ayewdellp0@redcross.org,School,16522
902,Florina Beushaw,fbeushawp1@amazon.de,Parent,85025
903,Rubetta Silvers,rsilversp2@example.com,School,27150
904,Averil Forte,afortep3@indiatimes.com,Volunteer,24503
905,Helen Ceeley,hceeleyp4@oracle.com,Parent,44321
906,Lindsay Cradduck,lcradduckp5@gravatar.com,Parent,33013
907,Thacher Oxbrough,toxbroughp6@typepad.com,Student,17121
908,Saree Lilburne,slilburnep7@netscape.com,Volunteer,89155
909,Essa Doppler,edopplerp8@newsvine.com,School,23551
910,Gregg Rollings,grollingsp9@yahoo.com,Student,10014
911,Sebastian Bromhead,sbromheadpa@howstuffworks.com,Teacher,36605
912,Vilma Woodstock,vwoodstockpb@nsw.gov.au,Teacher,32204
913,Nester Soule,nsoulepc@webs.com,School,32520
914,Ora Wooffitt,owooffittpd@sourceforge.net,Student,93584
915,Stace Godfray,sgodfraype@sakura.ne.jp,Teacher,11254
916,Gerek Digg,gdiggpf@jimdo.com,Parent,99252
917,Leta Do Rosario,ldopg@dailymotion.com,Parent,54313
918,Constantia Willas,cwillasph@yolasite.com,Teacher,90025
919,Alisun Ivens,aivenspi@oakley.com,Parent,38126
920,Jenn Keniwell,jkeniwellpj@gizmodo.com,School,57105
921,Petronille Waterdrinker,pwaterdrinkerpk@narod.ru,Student,6816
922,Valentijn Fey,vfeypl@ftc.gov,School,90045
923,Scotti Coppo,scoppopm@github.com,School,29225
924,Wendel Boyda,wboydapn@blogspot.com,Volunteer,79994
925,Delilah Altofts,daltoftspo@drupal.org,Volunteer,22212
926,Chloris Silburn,csilburnpp@soundcloud.com,Teacher,92835
927,Durante Jeayes,djeayespq@home.pl,School,92013
928,Vail Askham,vaskhampr@boston.com,School,10060
929,Tamma O'Hannen,tohannenps@dailymail.co.uk,Student,20709
930,Ynez Wye,ywyept@dot.gov,School,76711
931,Jeralee Rummin,jrumminpu@rakuten.co.jp,School,61635
932,Ilsa Hydes,ihydespv@techcrunch.com,School,14652
933,Rodrique Le Franc,rlepw@google.ca,School,97296
934,Goldarina Koschek,gkoschekpx@cyberchimps.com,Volunteer,23705
935,Dian Gors,dgorspy@csmonitor.com,School,18768
936,Frank Treppas,ftreppaspz@technorati.com,Student,77212
937,Travis Hindhaugh,thindhaughq0@scientificamerican.com,Teacher,77020
938,Gerri Dirkin,gdirkinq1@livejournal.com,School,22217
939,Thedric Costan,tcostanq2@cyberchimps.com,School,11215
940,Hermine Caso,hcasoq3@samsung.com,Teacher,10034
941,Yasmeen Wigzell,ywigzellq4@hexun.com,Teacher,28055
942,Kele La Batie,klaq5@amazon.co.jp,School,98687
943,Nancey Tomlins,ntomlinsq6@hubpages.com,Volunteer,55905
944,Debi Adshad,dadshadq7@paginegialle.it,Student,78732
945,Sancho Drewett,sdrewettq8@columbia.edu,Volunteer,74184
946,Mariquilla Rosenstiel,mrosenstielq9@fc2.com,Teacher,88530
947,Larina Gwillyam,lgwillyamqa@bloglines.com,School,8619
948,Emlyn Novotne,enovotneqb@unicef.org,Student,90101
949,Isahella Cicero,iciceroqc@mtv.com,School,6721
950,Rakel McRannell,rmcrannellqd@edublogs.org,Volunteer,35263
951,Shandie Cadman,scadmanqe@mediafire.com,Teacher,98008
952,Lorraine Grimsey,lgrimseyqf@ox.ac.uk,School,80262
953,Tabbie Haversham,thavershamqg@studiopress.com,School,49006
954,Abbi Tamlett,atamlettqh@bbb.org,School,66699
955,Bryon Capponer,bcapponerqi@clickbank.net,Student,34985
956,Bernice Warr,bwarrqj@ycombinator.com,Student,86305
957,Brigitte Archanbault,barchanbaultqk@hibu.com,School,6120
958,Ariel Riddall,ariddallql@ox.ac.uk,Student,57193
959,Leslie Parcells,lparcellsqm@uol.com.br,Volunteer,78470
960,Jordan McCathie,jmccathieqn@redcross.org,Volunteer,2283
961,Billie Faiers,bfaiersqo@pen.io,Parent,10464
962,Vlad O'Dyvoy,vodyvoyqp@constantcontact.com,School,36616
963,Karil Dredge,kdredgeqq@nytimes.com,Volunteer,46202
964,Sawyere Wathen,swathenqr@wordpress.com,School,46406
965,Beryle Lewens,blewensqs@who.int,Parent,44191
966,Hillary Overbury,hoverburyqt@elpais.com,Teacher,44315
967,Demetri Collecott,dcollecottqu@forbes.com,Teacher,94263
968,Launce Claypoole,lclaypooleqv@washington.edu,Volunteer,19104
969,Yankee Yushkin,yyushkinqw@apache.org,Parent,23454
970,Lyndsie MacGilrewy,lmacgilrewyqx@bravesites.com,Student,75260
971,Matelda Steiner,msteinerqy@wufoo.com,School,11220
972,Jacquelynn Glenn,jglennqz@ning.com,Parent,80223
973,Betteann Huckabe,bhuckaber0@simplemachines.org,Student,55598
974,Haleigh Hamprecht,hhamprechtr1@twitpic.com,Volunteer,37228
975,Chance Joll,cjollr2@mapy.cz,Parent,76598
976,Anton Gregori,agregorir3@woothemes.com,School,64054
977,Rebbecca Tybalt,rtybaltr4@exblog.jp,Parent,98175
978,Erhard Mayor,emayorr5@twitpic.com,Parent,32859
979,Leighton McGeechan,lmcgeechanr6@github.io,Parent,78749
980,Edna Fishe,efisher7@com.com,School,62756
981,Gaile Langthorn,glangthornr8@wunderground.com,Teacher,21684
982,Pinchas Dowyer,pdowyerr9@oaic.gov.au,Student,95354
983,Evie Wolledge,ewolledgera@wunderground.com,Volunteer,33245
984,Marlo Bennedick,mbennedickrb@utexas.edu,Parent,30392
985,Lynde Spon,lsponrc@webeden.co.uk,Teacher,55585
986,Blinny Older,bolderrd@gov.uk,Volunteer,43605
987,Arlana Starton,astartonre@sphinn.com,School,45243
988,Doralynne Dwine,ddwinerf@earthlink.net,Student,76016
989,Jessi Antonognoli,jantonognolirg@theatlantic.com,Teacher,17126
990,Cathlene Fairholme,cfairholmerh@freewebs.com,Teacher,33448
991,Roxy Conlaund,rconlaundri@theglobeandmail.com,School,98687
992,Carlynn Lavalde,clavalderj@lycos.com,Student,55905
993,Shara Pakeman,spakemanrk@usgs.gov,Student,78732
994,Viviyan Silvester,vsilvesterrl@zdnet.com,School,74184
995,Odey Ostick,oostickrm@timesonline.co.uk,Parent,88530
996,Vania Margery,vmargeryrn@amazon.de,Volunteer,8619
997,Aime Denidge,adenidgero@princeton.edu,Teacher,90101
998,Clarinda Rigts,crigtsrp@deliciousdays.com,Parent,6721
999,Fannie Brockton,fbrocktonrq@uiuc.edu,Teacher,32128
1000,Alexandre Clemmen,aclemmenrr@imdb.com,Volunteer,85083